ticker,shares,date,url
SPG,"323,551,515",2015-01-01,https://www.sec.gov/Archives/edgar/data/1063761/000110465926093360/spg-20260630x10q.htm
V,1870000000,2015-01-01,https://www.sec.gov/Archives/edgar/data/1403161/000140316126000104/v-20260630.htm
CMCSA,"3,539,192,198",2015-01-01,https://www.sec.gov/Archives/edgar/data/1166691/000162828026049360/cmcsa-20260630.htm
UPS,850780000,2015-01-01,https://www.sec.gov/Archives/edgar/data/1090727/000162828026053249/ups-20260630.htm
CME,"359,576,125",2015-01-01,https://www.sec.gov/Archives/edgar/data/1156375/000115637526000047/cme-20260630.htm
ACN,"611000000",2015-01-01,https://www.sec.gov/Archives/edgar/data/1467373/000146737326000032/acn-20260531.htm
TAP,"186450000",2015-01-01,https://www.sec.gov/Archives/edgar/data/24545/000002454526000071/tap-20260630.htm
MA,"869,464,115",2015-01-01,https://www.sec.gov/Archives/edgar/data/1141391/000114139126000083/ma-20260630.htm
BRK-B,"2160000000",2015-01-01,https://www.sec.gov/Archives/edgar/data/1067983/000119312526341032/brka-20260630.htm
IBKR,"453,077,771",2015-01-01,https://www.sec.gov/Archives/edgar/data/1381197/000138119726000147/ibkr-20260630.htm
F,"3,916,743,591",2015-01-01,https://www.sec.gov/Archives/edgar/data/37996/000003799626000156/f-20260630.htm
REGN,104000000,2015-01-01,https://www.sec.gov/Archives/edgar/data/872589/000087258926000025/regn-20260630.htm
HSY,"146,312,143",2015-01-01,https://www.sec.gov/Archives/edgar/data/47111/000162828026050900/hsy-20260628.htm
NKE,1480000000,2015-01-01,https://www.sec.gov/Archives/edgar/data/320187/000032018726000088/nke-20260531.htm
AOS,"137000000",2015-01-01,https://www.sec.gov/Archives/edgar/data/91142/000009114226000098/aos-20260630.htm
CHTR,"126,631,549",2015-01-01,https://www.sec.gov/Archives/edgar/data/1091667/000109166726000052/chtr-20260630.htm
WDAY,241000000,2015-01-01,https://www.sec.gov/Archives/edgar/data/1327811/000132781126000044/wday-20260731.htm
FOXA,"199,401,385",2015-01-01,https://www.sec.gov/Archives/edgar/data/1754301/000162828026053960/fox-20260630.htm
FOX,"221150000",2015-01-01,https://www.sec.gov/Archives/edgar/data/1754301/000162828026053960/fox-20260630.htm
ARES,"223,957,742",2015-01-01,https://www.sec.gov/Archives/edgar/data/1176948/000162828026054538/ares-20260630.htm
STZ,"170,752,511",2015-01-01,https://www.sec.gov/Archives/edgar/data/16918/000001691826000029/stz-20260531.htm
TSN,"290000000",2015-01-01,https://www.sec.gov/Archives/edgar/data/100493/000010049326000058/tsn-20260627.htm
ERIE,"52290000",2015-01-01,https://www.sec.gov/Archives/edgar/data/922621/000162828026051079/erie-20260630.htm
GOOGL,293400000,2015-01-01,https://www.sec.gov/cgi-bin/browse-edgar?action=getcompany&CIK=0001652044&type=10-Q
GOOG,276350000,2015-01-01,https://www.sec.gov/cgi-bin/browse-edgar?action=getcompany&CIK=0001652044&type=10-Q
GOOGL,5868000000,2022-07-18,https://www.sec.gov/cgi-bin/browse-edgar?action=getcompany&CIK=0001652044&type=10-Q
GOOG,5527000000,2022-07-18,https://www.sec.gov/cgi-bin/browse-edgar?action=getcompany&CIK=0001652044&type=10-Q
