ticker,price_ticker,note
BRKB,BRK-B,iShares ticker format
BFB,BF-B,iShares ticker format
BF/B,BF-B,iShares ticker format
BF-B,BF-B,
UAC/C,UA,iShares ticker format (Under Armour class C)
FB,META,Facebook renamed Meta Platforms 2022-06-09
ANTM,ELV,Anthem renamed Elevance Health 2022-06-28
BK,BNY,BNY Mellon changed ticker to BNY in 2026
MMC,MRSH,Marsh McLennan changed ticker to MRSH 2026-01-14
FI,FISV,Fiserv traded as FI 2023-06-07 to 2025-11-10
UTX,RTX,United Technologies renamed Raytheon Technologies 2020-04-03 (same legal entity)
PCLN,BKNG,Priceline renamed Booking Holdings 2018-02-27
HRS,LHX,Harris renamed L3Harris 2019-07-01
MHFI,SPGI,McGraw Hill Financial renamed S&P Global 2016-04-28
HCN,WELL,Health Care REIT renamed Welltower 2018-02-28
DLPH,APTV,Delphi Automotive renamed Aptiv 2017-12-05
ABC,COR,AmerisourceBergen renamed Cencora 2023-08-30
CTL,LUMN,CenturyLink renamed Lumen 2020-09-18
HCP,DOC,HCP renamed Healthpeak (PEAK) 2019-11 then ticker DOC 2024-03
PEAK,DOC,Healthpeak ticker DOC from 2024-03
BLL,BALL,Ball changed ticker 2022-05
ZMH,ZBH,Zimmer renamed Zimmer Biomet 2015-06
FLT,CPAY,FleetCor renamed Corpay 2024-03-25
WLTW,WTW,Willis Towers Watson changed ticker 2022-01-10
DPS,KDP,Dr Pepper Snapple renamed Keurig Dr Pepper 2018-07-10
NU,ES,Northeast Utilities renamed Eversource 2015-02
SYMC,GEN,Symantec renamed NortonLifeLock 2019-11 then Gen Digital 2022-11
NLOK,GEN,NortonLifeLock renamed Gen Digital 2022-11-08
KORS,CPRI,Michael Kors renamed Capri Holdings 2019-01
TSO,ANDV,Tesoro renamed Andeavor 2017-08
COG,CTRA,Cabot Oil & Gas renamed Coterra 2021-10
BHGE,BKR,Baker Hughes a GE company renamed Baker Hughes Co 2019-10
COH,TPR,Coach renamed Tapestry 2017-10
PKI,RVTY,PerkinElmer renamed Revvity 2023-05-16
CBG,CBRE,CBRE Group changed ticker 2018-03
ARNC,HWM,Arconic Inc renamed Howmet 2020-04 (ARNC later reused by the spun-off Arconic Corp)
AA,HWM,Alcoa Inc renamed Arconic 2016-11 then Howmet 2020 (same legal entity)
RE,EG,Everest Re renamed Everest Group 2023-07-10
JEC,J,Jacobs changed ticker 2019-12
CDAY,DAY,Ceridian renamed Dayforce 2024-02-01
TMK,GL,Torchmark renamed Globe Life 2019-08
LUK,JEF,Leucadia renamed Jefferies Financial 2018-05
DWDP,DD,DowDuPont renamed DuPont de Nemours 2019-06-03
ACE,CB,ACE Ltd took the Chubb name 2016-01
YHOO,AABA,Yahoo became Altaba 2017-06
DISCA,WBD,Discovery became Warner Bros. Discovery 2022-04-11
ACT,AGN,Actavis took the Allergan name 2015-06
GCI,TGNA,Gannett renamed TEGNA 2015-06
